{"initial_state":{"n_qubits":1,"data":{"Mixed":{"v":1,"dim":[2,2],"data":[[1,0],[0,0],[0,0],[0,0]]}}},"cnot":{"n_qubits":2,"data":{"Unitary":{"v":1,"dim":[4,4],"data":[[1,0],[0,0],[0,0],[0,0],[0,0],[1,0],[0,0],[0,0],[0,0],[0,0],[0,0],[1,0],[0,0],[0,0],[1,0],[0,0]]}}},"i":{"n_qubits":1,"data":{"Unitary":{"v":1,"dim":[2,2],"data":[[1,0],[0,0],[0,0],[1,0]]}}},"s":{"n_qubits":1,"data":{"Unitary":{"v":1,"dim":[2,2],"data":[[1,0],[0,0],[0,0],[0,1]]}}},"s_adj":{"n_qubits":1,"data":{"Unitary":{"v":1,"dim":[2,2],"data":[[1,0],[0,0],[0,0],[0,-1]]}}},"t":{"n_qubits":1,"data":{"Unitary":{"v":1,"dim":[2,2],"data":[[1,0],[0,0],[0,0],[0.7071067811865476,0.7071067811865476]]}}},"t_adj":{"n_qubits":1,"data":{"Unitary":{"v":1,"dim":[2,2],"data":[[1,0],[0,0],[0,0],[0.7071067811865476,-0.7071067811865476]]}}},"h":{"n_qubits":1,"data":{"Unitary":{"v":1,"dim":[2,2],"data":[[0.7071067811865476,0],[0.7071067811865476,0],[0.7071067811865476,0],[-0.7071067811865476,0]]}}},"x":{"n_qubits":1,"data":{"KrausDecomposition":{"v":1,"dim":[4,2,2],"data":[[0,0],[0.961769203083567,0],[0.9617692030835675,0],[0,0],[0,0],[0.15811388300841897,0],[-0.1581138830084189,0],[0,0],[0.22360679774997896,0],[0,0],[0,0],[0,0],[0,0],[0,0],[0,0],[0.22360679774997896,0]]}}},"y":{"n_qubits":1,"data":{"Unitary":{"v":1,"dim":[2,2],"data":[[0,0],[0,1],[0,-1],[0,0]]}}},"z":{"n_qubits":1,"data":{"KrausDecomposition":{"v":1,"dim":[2,2,2],"data":[[0.9746794344808962,0],[0,0],[0,0],[-0.9746794344808962,0],[0.2236067977499789,0],[0,0],[0,0],[0.22360679774997896,0]]}}},"z_meas":{"effects":[{"n_qubits":1,"data":{"KrausDecomposition":{"v":1,"dim":[1,2,2],"data":[[0.975,0],[0,0],[0,0],[0.025000000000000022,0]]}}},{"n_qubits":1,"data":{"KrausDecomposition":{"v":1,"dim":[1,2,2],"data":[[0.025000000000000022,0],[0,0],[0,0],[0.9749999999999999,0]]}}}]}}